{"stats":{"minecraft:used":{"toughasnails:purified_water_canteen":1,"useless_sword:coal_sword":7},"minecraft:custom":{"minecraft:time_since_rest":14194,"minecraft:sprint_one_cm":11487,"minecraft:play_time":14194,"minecraft:walk_one_cm":2260,"minecraft:sneak_time":26,"minecraft:mob_kills":5,"minecraft:drop":5,"minecraft:jump":165,"minecraft:damage_dealt":773,"minecraft:leave_game":2,"minecraft:time_since_death":14194,"minecraft:total_world_time":14194,"minecraft:fly_one_cm":70594},"minecraft:killed":{"minecraft:sheep":2,"minecraft:donkey":3},"minecraft:dropped":{"minecraft:gray_wool":1,"minecraft:leather":1,"minecraft:wheat_seeds":1,"minecraft:cornflower":1,"butchersdelight:deadsheep":1},"minecraft:picked_up":{"butchersdelight:deadsheep":2,"minecraft:leather":2,"minecraft:wheat_seeds":1,"minecraft:gray_wool":1,"minecraft:cornflower":1},"minecraft:mined":{"minecraft:grass":1}},"DataVersion":2975}